ticker,m_max_macd,m_min_macd,w_max_macd,w_min_macd,d_max_macd,d_min_macd,m_last_macd,w_last_macd,d_last_macd,daily_overbought_score,weekly_overbought_score,monthly_overbought_score,total_overbought_score
EBAY,9.8217,-2.5565,6.5435,-4.6853,4.5881,-2.4049,9.8217,6.5435,4.5881,100.0,100.0,100.0,100.0
ANET,18.674,-0.0873,9.6479,-6.9509,8.7525,-8.256,16.7392,9.1997,8.7525,100.0,95.35,89.64,95.0
GLW,6.7043,-1.9759,4.176,-2.058,3.4011,-2.0639,6.7043,4.176,3.4011,100.0,100.0,100.0,100.0
CHRW,6.5921,-4.0832,6.9996,-3.7665,5.3526,-3.9988,5.3132,3.7712,5.3526,100.0,53.88,80.6,78.16
ORLY,10.2937,-0.2441,3.9003,-1.7454,3.0845,-2.1237,10.2937,3.7166,3.0845,100.0,95.29,100.0,98.43
SHOP,27.703,-16.4815,14.8022,-22.4701,8.2782,-13.3384,15.2931,10.1005,8.1509,98.46,68.24,55.2,73.97
UEC,1.0342,-1.2157,0.8974,-0.5847,0.7709,-0.5387,0.7738,0.822,0.7552,97.96,91.6,74.82,88.13
CRH,13.5058,-1.9934,7.3473,-2.4526,3.0589,-4.292,10.7876,2.5599,2.9774,97.34,34.84,79.87,70.68
MO,6.3319,-2.0306,2.8678,-1.8369,1.5034,-1.9928,6.3319,2.499,1.4341,95.39,87.14,100.0,94.18
MP,8.6162,-4.1808,12.1823,-3.1176,8.5153,-3.3161,6.9873,12.1823,7.7761,91.32,100.0,81.09,90.8
GOOGL,20.7213,-1.7434,11.6503,-7.4615,6.0608,-7.0501,14.6123,6.7548,5.343,88.16,57.98,70.52,72.22
NOC,52.2439,-4.0473,24.0365,-15.1463,22.3235,-20.9826,26.7587,23.2582,19.5673,87.65,96.76,51.22,78.54
GOOG,20.8494,-1.7145,11.69,-7.5014,6.065,-7.0188,14.6391,6.4982,5.2495,86.55,55.59,70.21,70.79
BK,12.7816,-2.5365,5.9268,-2.9517,2.9836,-3.5695,12.7816,5.9268,2.5689,86.1,100.0,100.0,95.37
AZO,364.5543,-27.6818,152.7035,-69.1944,102.409,-82.114,364.5543,128.1772,87.4821,85.42,83.94,100.0,89.79
PLTR,35.5838,-2.6558,22.7881,-3.2303,12.5183,-3.7286,35.5838,22.7881,10.4586,83.55,100.0,100.0,94.52
AEP,7.6635,-1.586,4.9156,-3.1571,2.8127,-5.3949,7.6635,3.0954,2.3285,82.79,62.97,100.0,81.92
GEV,110.4662,0.0,80.892,-1.1186,40.4201,-21.225,110.4662,80.892,33.2014,82.14,100.0,100.0,94.05
DUK,8.4388,-0.7994,5.4071,-3.3638,2.5619,-5.6654,8.4388,2.5989,2.0971,81.86,48.06,100.0,76.64
MSI,57.971,-11.0309,32.1813,-8.5971,10.5559,-12.032,40.2904,2.8849,8.6256,81.71,8.96,69.5,53.39
JNJ,9.7772,-1.1185,4.7638,-4.0819,4.7314,-5.799,3.7583,4.3544,3.8538,81.45,91.41,38.44,70.43
J,12.8286,-4.3961,8.1328,-4.5286,4.5677,-5.9358,7.8248,4.8669,3.6198,79.25,59.84,60.99,66.7
CDNS,38.0053,-3.6479,18.6868,-11.1349,14.4519,-15.718,26.5461,16.5841,11.3323,78.41,88.75,69.85,79.0
FE,3.6387,-2.4543,1.9724,-3.082,1.0806,-3.0265,1.781,0.6699,0.8427,77.98,33.96,48.95,53.63
NEM,7.0608,-5.3641,5.743,-5.886,3.5238,-4.2528,4.6723,5.1685,2.6716,75.82,90.0,66.17,77.33
SPGI,52.2091,-5.6684,24.5732,-23.4409,13.4776,-22.0648,39.0974,13.4447,10.1627,75.4,54.71,74.89,68.33
NI,4.1624,-0.5762,2.1607,-0.9296,0.9118,-1.5792,4.1624,1.3231,0.6851,75.14,61.23,100.0,78.79
WELL,21.0338,-2.8975,9.2297,-8.8883,5.0544,-9.9801,21.0338,7.1922,3.7309,73.81,77.92,100.0,83.91
AEM,19.0769,-4.983,9.5236,-3.1866,5.3903,-4.0137,19.0769,8.8927,3.9637,73.53,93.38,100.0,88.97
WPM,12.3109,-2.7947,6.9149,-2.9668,3.1554,-2.2828,12.3109,6.9149,2.3092,73.18,100.0,100.0,91.06
GD,24.7384,-8.2436,13.5678,-11.6019,7.7736,-14.7979,16.9245,11.7918,5.6148,72.23,86.91,68.41,75.85
AMD,23.1707,-3.9565,22.2896,-13.3025,11.5268,-9.1377,6.9751,14.1446,8.2831,71.86,63.46,30.1,55.14
TSCO,5.8507,-0.952,3.1863,-1.2594,1.708,-1.9404,3.1768,1.5073,1.2206,71.46,47.31,54.3,57.69
SNPS,68.5028,-2.2393,34.2643,-29.2999,31.3119,-24.6719,31.4735,33.2827,22.1908,70.87,97.14,45.94,71.32
DASH,36.535,-27.9511,20.065,-25.4621,10.0983,-14.2424,36.535,20.065,7.1494,70.8,100.0,100.0,90.27
FAST,4.182,-0.256,2.4639,-0.9382,1.5051,-1.1253,4.182,2.4639,1.0151,67.44,100.0,100.0,89.15
D,3.9474,-6.0155,2.5826,-4.6197,1.9022,-3.9163,1.6864,1.7808,1.2818,67.39,68.95,42.72,59.69
TEL,16.5855,-4.5662,14.0901,-6.6129,10.8173,-8.5812,13.9666,14.0901,7.2396,66.93,100.0,84.21,83.71
RMD,32.9303,-12.3213,23.3673,-20.3695,10.9686,-13.5507,17.0663,12.5815,7.3324,66.85,53.84,51.83,57.51
URI,120.7498,-5.2728,64.6293,-42.396,36.5608,-36.0071,83.4501,45.8146,24.4275,66.81,70.89,69.11,68.94
APH,14.0794,-0.1735,9.9101,-1.4469,4.8045,-2.1757,14.0794,9.9101,3.2002,66.61,100.0,100.0,88.87
HOOD,20.1117,-7.1731,17.6867,-6.7068,8.4649,-3.9898,20.1117,17.6867,5.4759,64.69,100.0,100.0,88.23
DHI,23.3867,-3.0647,12.674,-9.9042,9.5014,-7.5579,5.4753,3.3424,6.1454,64.68,26.37,23.41,38.15
CNP,3.0158,-1.6197,2.0222,-2.6819,0.9204,-3.0175,3.0158,1.2444,0.5909,64.2,61.54,100.0,75.25
NVDA,28.3936,-0.0835,16.9297,-5.5363,9.7731,-6.2576,28.3936,14.7818,6.2583,64.04,87.31,100.0,83.78
RTX,15.612,-4.3233,8.4138,-7.4593,4.0364,-9.5769,15.612,8.4004,2.5302,62.68,99.84,100.0,87.51
LOW,29.9748,-1.8445,15.2973,-10.3014,7.404,-12.0317,6.4662,-1.1899,4.5595,61.58,-7.78,21.57,25.13
XLU,5.5751,-1.227,3.819,-1.8605,1.8537,-4.0728,5.5751,2.2549,1.1385,61.42,59.04,100.0,73.49
PHM,20.798,-4.5012,9.0821,-6.5676,5.2455,-6.1439,8.0215,2.3614,3.2152,61.29,26.0,38.57,41.95
META,106.0598,-38.4269,53.7659,-35.0786,29.4858,-30.6684,106.0598,41.7881,17.5477,59.51,77.72,100.0,79.08
AEE,6.7271,-2.825,4.6238,-2.5765,2.3148,-3.7739,6.7271,2.1453,1.3683,59.11,46.4,100.0,68.5
TMO,80.8577,-24.3418,37.1458,-40.686,17.166,-24.7045,-24.3418,-12.2317,10.1185,58.95,-32.93,-30.1,-1.36
XEL,5.0066,-2.1309,3.6655,-2.2153,1.9274,-3.4647,3.7013,1.5486,1.1256,58.4,42.25,73.93,58.19
PEP,11.1747,-5.9938,5.8835,-6.7906,3.4467,-6.6339,-5.5496,-0.9682,2.0021,58.09,-16.46,-49.66,-2.68
NSC,26.0576,-6.6398,14.7518,-10.5637,9.3604,-17.3036,11.0997,11.2198,5.2918,56.53,76.06,42.6,58.4
ATO,13.5672,-0.4789,7.4512,-2.4896,3.5736,-5.5739,13.5672,4.0857,2.0196,56.51,54.83,100.0,70.45
MPWR,120.9402,-1.484,65.6798,-55.963,41.1268,-83.6531,43.7079,35.8978,22.8575,55.58,54.66,36.14,48.79
TJX,12.833,-0.199,5.4186,-2.8409,3.2767,-5.6703,11.7808,2.0201,1.8052,55.09,37.28,91.8,61.39
WMT,12.5548,-0.6681,6.8092,-1.7186,3.2011,-3.2918,12.5548,2.8994,1.7545,54.81,42.58,100.0,65.8
HSY,23.7405,-8.2292,11.4489,-13.8346,6.7095,-8.5342,-5.4971,3.5604,3.6457,54.34,31.1,-23.15,20.76
ORCL,31.038,-0.2278,25.0853,-7.181,16.0649,-8.0258,31.038,25.0853,8.6469,53.82,100.0,100.0,84.61
BWA,5.6677,-3.8125,2.7648,-3.5227,1.9592,-2.9208,-0.2231,1.8439,1.0507,53.63,66.69,-3.94,38.79
ALL,21.2601,-5.3716,11.4699,-4.2937,4.9684,-9.7,19.6885,2.5179,2.6583,53.5,21.95,92.61,56.02
LVS,10.2336,-13.0476,4.8786,-4.5516,3.2917,-6.1264,0.0492,2.6217,1.7481,53.11,53.74,0.48,35.78
RBLX,18.3364,-10.4793,17.4118,-14.0079,12.1399,-10.5387,18.3364,17.4118,6.4415,53.06,100.0,100.0,84.35
SRE,5.3345,-0.4316,4.8827,-3.69,2.9623,-6.2153,2.5029,0.9646,1.5602,52.67,19.76,46.92,39.78
MLM,62.5088,-6.0865,44.536,-21.4171,24.4573,-25.8338,32.6297,18.1988,12.5327,51.24,40.86,52.2,48.1
BLK,105.6448,-4.8438,61.4031,-55.5973,34.7365,-38.2601,95.1195,47.9173,17.6384,50.78,78.04,90.04,72.95
CSX,3.0925,-0.2345,1.7432,-1.5019,1.1595,-2.0788,0.4496,1.0787,0.5871,50.63,61.88,14.54,42.35
AVGO,48.2182,-0.0309,27.1349,-2.3755,18.2579,-12.5893,48.2182,27.1349,9.14,50.06,100.0,100.0,83.35
GE,42.5642,-19.3626,21.3274,-10.8641,11.9766,-7.0431,42.5642,21.3274,5.9643,49.8,100.0,100.0,83.27
TER,21.4589,-4.7077,14.1894,-13.1339,8.684,-11.6895,-3.2137,0.1193,4.2609,49.07,0.84,-14.98,11.64
HES,19.9483,-6.2036,10.0494,-6.7209,6.3933,-7.3134,3.9879,1.5179,3.1314,48.98,15.1,19.99,28.02
CAT,45.0262,-5.8855,27.2847,-16.7489,16.2034,-14.9169,35.3558,20.2926,7.7405,47.77,74.37,78.52,66.89
BX,21.115,-1.9981,15.9535,-7.6009,8.0014,-8.0509,14.7913,5.5426,3.7875,47.34,34.74,70.05,50.71
CSCO,5.5411,-1.5407,3.2076,-2.9444,1.6954,-2.4801,5.5411,3.1635,0.8005,47.22,98.63,100.0,81.95
VMC,24.4594,-7.5095,16.3326,-9.7935,10.8583,-12.9924,16.978,6.5988,5.1183,47.14,40.4,69.41,52.32
APP,91.5467,-13.8549,74.7538,-10.6337,46.7033,-32.7095,91.5467,33.1804,21.9198,46.93,44.39,100.0,63.77
ROST,11.8227,-5.1837,8.2431,-7.1426,7.1243,-13.0615,5.3532,-0.0661,3.2597,45.75,-0.8,45.28,30.08
SN,16.4803,-0.5758,11.7722,-5.0731,6.3331,-7.1205,14.2338,6.1037,2.8963,45.73,51.85,86.37,61.32
PEG,8.1302,-1.0057,5.529,-3.131,2.8085,-4.1653,6.5362,1.5251,1.2812,45.62,27.58,80.39,51.2
MSFT,44.1029,-1.8558,28.9766,-12.7073,18.704,-11.7348,43.0317,28.9766,8.4999,45.44,100.0,97.57,81.01
TRMB,12.599,-4.1811,6.6232,-4.672,3.2763,-5.1738,5.3856,4.3164,1.485,45.33,65.17,42.75,51.08
C,26.7231,-70.6003,6.2592,-6.3932,4.021,-7.9151,9.6834,6.2592,1.8043,44.87,100.0,36.24,60.37
MCO,47.3912,-6.6059,26.4989,-20.2832,12.5406,-21.8531,41.658,12.2218,5.4829,43.72,46.12,87.9,59.25
ICE,17.445,-1.9475,8.1486,-8.1888,4.1179,-7.8432,17.445,6.1824,1.7765,43.14,75.87,100.0,73.0
HUM,38.4951,-47.8618,23.2171,-38.7462,17.0685,-30.6677,-44.3048,-4.9856,7.3526,43.08,-21.47,-115.09,-31.16
XHB,13.7296,-4.7107,7.3979,-5.0395,4.0497,-5.3146,5.0668,0.9926,1.7351,42.85,13.42,36.9,31.06
TOL,24.6187,-2.5196,11.5452,-10.5626,6.1924,-7.7112,8.3992,1.4913,2.6187,42.29,12.92,34.12,29.77
XLK,21.8457,-1.6408,11.4471,-7.561,7.9517,-9.2151,21.3028,11.4471,3.344,42.05,100.0,97.51,79.86
HD,41.0251,-2.0577,22.9257,-15.0182,13.2427,-17.1598,17.2172,1.465,5.5333,41.78,6.39,41.97,30.05
QQQ,47.6667,-3.3138,21.2709,-19.4162,14.6789,-17.7287,47.4489,20.6097,6.1256,41.73,96.89,99.54,79.39
LSCC,13.7057,-4.5642,8.6211,-7.042,4.8943,-6.984,-3.674,0.645,2.0093,41.05,7.48,-26.81,7.24
SCHW,10.4183,-2.2632,6.0981,-6.9375,3.6533,-6.072,7.6446,5.1805,1.4927,40.86,84.95,73.38,66.4
PPL,2.6842,-1.1188,1.4858,-1.6497,1.013,-2.8373,2.6416,0.7254,0.4135,40.82,48.82,98.41,62.68
SPY,49.1655,-9.6431,20.7788,-14.6455,12.2309,-21.8455,46.3232,17.5364,4.9788,40.71,84.4,94.22,73.11
VST,38.0481,-0.8771,21.4763,-3.0865,13.0273,-13.2837,38.0481,17.9516,5.0864,39.04,83.59,100.0,74.21
TSM,30.4218,-2.7067,17.042,-8.2963,9.8129,-9.4614,30.4218,16.1474,3.794,38.66,94.75,100.0,77.8
GPC,17.3635,-4.8566,11.1666,-7.5966,5.7794,-7.8827,-2.705,2.6649,2.2147,38.32,23.86,-15.58,15.54
BURL,40.5787,-26.3718,27.3922,-26.7817,17.2467,-25.9693,14.0249,5.1595,6.5992,38.26,18.84,34.56,30.55
AAPL,24.0345,-0.0777,12.7742,-7.6271,8.9137,-10.6162,11.8197,-0.1039,3.3613,37.71,-0.81,49.18,28.69
ABBV,17.4782,-0.5642,11.3336,-3.7539,7.5734,-8.2328,13.9519,2.8521,2.8455,37.57,25.16,79.82,47.52
NET,34.2851,-7.1966,28.9009,-19.8848,16.051,-15.4344,29.8265,21.6354,6.0117,37.45,74.86,87.0,66.44
EXPE,19.2768,-11.9579,18.8061,-21.5705,9.3923,-16.1697,14.4762,5.7882,3.4732,36.98,30.78,75.1,47.62
STT,9.1303,-6.2092,5.6493,-5.8706,3.8319,-6.4796,9.1303,5.5799,1.3937,36.37,98.77,100.0,78.38
SMH,33.996,-1.8894,21.9991,-11.3802,11.2827,-12.0591,28.9393,16.0507,4.0571,35.96,72.96,85.13,64.68
SOFI,2.634,-4.5626,2.4524,-2.5413,2.6292,-1.4198,2.634,2.4524,0.9368,35.63,100.0,100.0,78.54
SO,7.2735,-0.2183,4.5581,-1.5654,2.1713,-4.0455,7.2735,2.2294,0.7731,35.61,48.91,100.0,61.51
CME,26.2512,-7.2691,15.3662,-9.2727,6.4506,-13.2846,26.2512,9.7279,2.2142,34.33,63.31,100.0,65.88
FNV,18.7677,-4.7695,11.5126,-8.212,7.9123,-6.0263,11.2608,6.5212,2.7014,34.14,56.64,60.0,50.26
GS,87.5665,-17.1977,44.0428,-16.2231,31.4278,-27.0215,87.5665,44.0428,10.7197,34.11,100.0,100.0,78.04
LEN,21.5862,-6.914,10.9064,-12.1803,7.0102,-8.5869,-0.9616,-2.5177,2.3885,34.07,-23.08,-4.45,2.18
CART,4.5089,-1.2301,3.3913,-1.62,2.4752,-2.6784,4.5089,1.9348,0.8336,33.68,57.05,100.0,63.58
AEO,4.5123,-2.3197,4.3542,-2.7791,1.9766,-1.7073,-1.713,-0.674,0.6373,32.24,-15.48,-37.96,-7.07
DLTR,17.1298,-16.501,12.9869,-13.8563,10.37,-9.1224,-6.6018,9.9158,3.3109,31.93,76.35,-38.54,23.25
KBH,11.5587,-6.0375,5.5338,-5.2067,3.983,-6.1239,1.26,-1.3814,1.2521,31.44,-24.96,10.9,5.79
ULTA,55.8215,-14.144,30.7071,-28.8451,25.798,-35.437,13.2886,30.4782,8.0457,31.19,99.25,23.81,51.42
GILD,12.3539,-3.735,8.0433,-2.8884,5.0828,-2.2612,12.3539,5.1071,1.5827,31.14,63.5,100.0,64.88
KKR,25.5799,-1.1885,13.9036,-8.4863,6.0164,-9.6963,16.8603,4.6002,1.8379,30.55,33.09,65.91,43.18
EXC,4.4711,-1.9007,2.863,-1.5694,1.5822,-2.4933,2.4622,0.8126,0.4812,30.41,28.38,55.07,37.96
NCLH,7.5869,-9.8613,2.5089,-11.6813,2.6463,-10.7836,0.8471,0.7262,0.8018,30.3,28.94,11.17,23.47
MDT,8.8278,-5.7584,4.4985,-4.8316,2.947,-8.1974,1.9786,1.8061,0.8912,30.24,40.15,22.41,30.93
DELL,21.9591,-0.0464,18.109,-9.2704,11.7289,-11.2586,13.9957,7.8589,3.5004,29.84,43.4,63.74,45.66
PSN,14.8408,-0.4861,8.5211,-9.4819,4.3418,-7.5896,3.3164,0.3876,1.2446,28.67,4.55,22.35,18.52
ED,6.2323,-1.2155,4.5996,-3.0356,3.1294,-3.9923,5.3376,0.8376,0.8656,27.66,18.21,85.64,43.84
PH,90.925,-4.3427,43.859,-14.337,23.7698,-26.7321,81.6575,27.1044,6.5087,27.38,61.8,89.81,59.66
ANF,33.606,-8.7073,22.8607,-19.1347,14.5419,-10.9781,4.339,-2.5534,3.97,27.3,-11.17,12.91,9.68
CTAS,27.3796,-0.7695,12.6314,-4.1531,4.7871,-9.1767,24.2675,5.5447,1.2966,27.09,43.9,88.63,53.2
CEG,52.4431,-0.1562,26.7191,-9.9255,26.1379,-23.5146,52.4431,23.0283,7.0525,26.98,86.19,100.0,71.06
XLC,10.0507,-3.8489,4.4331,-4.58,2.0761,-3.4151,10.0507,3.2298,0.5468,26.34,72.86,100.0,66.4
LRCX,12.6943,-0.5214,8.1391,-4.0866,4.1025,-6.6917,6.8165,6.4699,1.0719,26.13,79.49,53.7,53.11
CENX,8.7089,-11.9852,3.4483,-3.1247,2.919,-3.344,2.1398,1.1224,0.7434,25.47,32.55,24.57,27.53
MCD,18.5765,-0.0278,10.5493,-7.4597,7.7634,-15.3896,13.0377,1.066,1.9469,25.08,10.1,70.18,35.12
TMUS,30.5212,-6.5207,17.5415,-6.1875,11.2014,-5.7252,26.7613,1.3506,2.7798,24.82,7.7,87.68,40.07
AON,31.0254,-0.3704,19.8464,-8.0207,9.7143,-17.9153,18.7943,-0.8388,2.4085,24.79,-4.23,60.58,27.05
CFG,4.5038,-2.5625,3.5529,-3.5444,1.9263,-4.0555,3.3961,1.8859,0.4629,24.03,53.08,75.41,50.84
DKS,32.2945,-4.1088,22.197,-9.9158,14.2951,-10.0539,17.6217,2.2681,3.2905,23.02,10.22,54.57,29.27
EL,40.9602,-36.2448,19.3896,-22.2818,9.9412,-15.0046,-25.8238,5.0956,2.2567,22.7,26.28,-63.05,-4.69
RF,2.1808,-3.8768,1.8441,-1.3513,0.956,-1.5986,1.5112,0.9002,0.2145,22.44,48.82,69.3,46.85
MS,14.8036,-6.513,9.7186,-3.9503,6.0427,-5.6478,14.8036,6.4044,1.3476,22.3,65.9,100.0,62.73
JBL,28.6263,-3.7009,21.8527,-5.4335,14.6589,-7.6,28.6263,21.6382,3.2501,22.17,99.02,100.0,73.73
WYNN,25.9835,-20.5009,11.4573,-15.34,7.3286,-19.5251,2.1641,6.172,1.6197,22.1,53.87,8.33,28.1
CVNA,67.6283,-50.5366,37.7898,-51.5366,24.4028,-26.2312,67.6283,34.4484,5.3216,21.81,91.16,100.0,70.99
AES,2.7924,-2.1649,2.316,-2.1099,1.331,-1.9571,-1.7851,0.2897,0.2887,21.69,12.51,-63.93,-9.91
RY,10.0385,-1.9318,6.2733,-4.0347,3.5523,-5.3006,10.0385,4.284,0.7578,21.33,68.29,100.0,63.21
WM,19.0312,-0.898,12.1506,-4.0659,6.3535,-6.4242,17.6541,3.0697,1.3478,21.21,25.26,92.76,46.41
JPM,34.8067,-2.3637,16.0442,-8.3068,8.5185,-10.7758,34.8067,13.849,1.7897,21.01,86.32,100.0,69.11
CASY,62.8543,-0.2276,29.3892,-5.1786,16.9649,-10.2308,62.8543,28.26,3.3874,19.97,96.16,100.0,72.04
SYF,7.9422,-2.0044,6.0374,-4.3168,3.423,-4.2296,7.7395,3.6679,0.6832,19.96,60.75,97.45,59.39
AFRM,7.7007,-21.6114,21.4932,-18.9698,13.71,-13.7382,7.7007,4.8537,2.6802,19.55,22.58,100.0,47.38
XLI,11.2251,-2.7285,5.3076,-4.5348,3.9687,-6.9408,11.2251,5.0224,0.7567,19.07,94.63,100.0,71.23
BLDR,33.2454,-2.9707,19.5365,-13.733,9.8121,-9.419,0.432,-2.9883,1.8458,18.81,-15.3,1.3,1.6
FSLR,62.2692,-32.3241,27.2802,-20.2665,25.7542,-10.8996,0.1833,4.7655,4.7552,18.46,17.47,0.29,12.08
LYV,16.0211,-3.6576,11.1157,-8.2999,6.5679,-9.5698,16.0211,5.949,1.2116,18.45,53.52,100.0,57.32
MA,49.4363,0.0,21.8883,-13.3477,14.2532,-25.5962,47.3689,9.9714,2.5949,18.21,45.56,95.82,53.19
CCL,5.7496,-10.1339,2.6782,-9.3117,2.0514,-7.9462,2.8587,2.0194,0.3721,18.14,75.4,49.72,47.75
W,51.5886,-47.5742,53.8453,-41.0236,29.5318,-17.0251,-5.6415,7.4449,5.3233,18.03,13.83,-10.94,6.97
VZ,2.6529,-2.7915,1.7727,-2.7995,1.2582,-1.3861,1.8826,0.4871,0.225,17.88,27.48,70.96,38.77
UAL,12.6429,-12.3429,13.9678,-16.7163,7.0702,-13.322,10.0785,2.4477,1.2585,17.8,17.52,79.72,38.35
GM,6.6737,-2.6843,5.9984,-4.6663,3.3614,-3.8852,3.1872,1.4375,0.5786,17.21,23.96,47.76,29.65
XLY,20.1965,-3.0926,12.672,-11.1472,7.3061,-9.3789,14.3942,4.5147,1.2478,17.08,35.63,71.27,41.33
AWK,15.291,-5.5727,8.0143,-6.8067,4.9011,-6.3818,2.7205,2.0651,0.8355,17.05,25.77,17.79,20.2
IBB,15.8078,-4.363,8.9888,-9.4647,4.5226,-6.4731,-0.6962,0.2196,0.767,16.96,2.44,-4.4,5.0
CELH,13.1773,-4.5808,9.2539,-9.865,8.9917,-6.2096,0.0646,4.3182,1.4911,16.58,46.66,0.49,21.25
NKE,18.6429,-11.2398,9.6737,-9.9547,7.1877,-7.7836,-8.9025,1.4321,1.1876,16.52,14.8,-47.75,-5.48
XLP,4.5187,-0.5257,2.3643,-1.5502,1.4166,-2.6144,3.2212,0.622,0.2309,16.3,26.31,71.29,37.96
MRVL,12.2449,-2.4423,13.3628,-9.7585,8.1448,-10.8825,4.4843,-0.9857,1.3016,15.98,-7.38,36.62,15.08
ARKK,21.7231,-14.1,17.8692,-13.8863,7.2228,-7.2398,4.7016,5.8273,1.1415,15.8,32.61,21.64,23.35
ETN,48.0765,-3.1051,26.9577,-16.2819,13.0785,-12.5364,36.0406,16.676,2.0192,15.44,61.86,74.97,50.75
CVX,19.3771,-6.3839,14.3901,-8.6656,8.9749,-9.9806,2.6397,1.8188,1.3783,15.36,12.64,13.62,13.87
MNST,4.5434,-0.1003,3.0042,-2.0792,1.8169,-2.0652,2.7442,1.8651,0.2769,15.24,62.08,60.4,45.91
Z,24.9428,-13.9542,23.38,-14.1541,14.7754,-9.053,6.3402,2.6713,2.1351,14.45,11.43,25.42,17.1
SPG,18.4558,-18.4805,9.6779,-18.6479,7.0252,-16.645,12.7648,0.5894,1.0076,14.34,6.09,69.16,29.87
VVV,3.8648,-0.9445,2.8445,-1.9456,1.6619,-2.6381,0.213,0.2141,0.2308,13.89,7.53,5.51,8.98
SHW,38.7125,-2.9457,20.0272,-14.6192,12.4181,-13.0736,19.8749,-0.2652,1.7122,13.79,-1.32,51.34,21.27
EXPD,13.7327,-2.4877,8.4048,-5.929,5.0977,-4.1834,0.9995,0.5476,0.699,13.71,6.52,7.28,9.17
NUE,21.4255,-5.8416,13.4688,-10.0429,8.6576,-8.9486,-3.8336,3.5414,1.1789,13.62,26.29,-17.89,7.34
ITW,19.4551,-2.9278,9.3654,-8.9314,7.6598,-11.2091,7.4173,2.3541,0.9582,12.51,25.14,38.13,25.26
BA,52.9163,-40.9771,30.6018,-57.6126,18.6668,-56.8946,3.8455,14.6139,2.2475,12.04,47.76,7.27,22.35
EW,13.941,-5.6915,8.254,-7.9089,4.0497,-7.7837,-1.422,1.5601,0.4824,11.91,18.9,-10.2,6.87
PWR,47.6625,-2.4739,29.02,-12.3434,19.09,-17.686,47.6625,26.6102,2.2648,11.86,91.7,100.0,67.85
XYZ,47.8366,-26.9536,30.3958,-35.5914,14.0343,-16.9612,-3.7276,1.6144,1.6105,11.48,5.31,-7.79,3.0
TRV,25.0395,-3.5508,14.0626,-9.7001,7.2328,-10.5689,23.3829,3.7442,0.8232,11.38,26.63,93.38,43.8
TD,6.6973,-1.4855,4.5983,-3.2698,2.0505,-3.8321,3.9618,4.2086,0.2322,11.32,91.53,59.16,54.0
DG,24.7028,-28.6957,11.021,-24.3795,9.9353,-15.9752,-15.0819,7.2714,1.0747,10.82,65.98,-61.05,5.25
DKNG,12.2741,-6.0454,8.1183,-7.8499,5.696,-4.6699,2.7864,1.3642,0.6089,10.69,16.8,22.7,16.73
TGT,35.6698,-13.0401,18.0648,-19.7278,7.1902,-17.8855,-12.0876,-3.6191,0.7679,10.68,-20.03,-33.89,-14.41
BABA,29.388,-31.9526,22.2207,-20.5597,11.7982,-11.1858,6.544,2.6784,1.2503,10.6,12.05,22.27,14.97
DAL,6.8778,-5.8619,5.0594,-9.169,3.3694,-8.0532,2.8363,0.4648,0.3542,10.51,9.19,41.24,20.31
T,3.2544,-0.5719,1.8084,-0.8808,0.9873,-1.2134,3.2544,0.9323,0.1031,10.44,51.55,100.0,54.0
RH,138.2789,-41.2467,74.3767,-72.3864,44.058,-45.8386,-27.2074,-19.304,4.507,10.23,-25.95,-19.68,-11.8
KLAC,118.8706,-4.1408,64.932,-25.9447,39.756,-27.9491,91.1947,56.753,3.9915,10.04,87.4,76.72,58.05
ECL,20.464,-11.6211,13.0208,-13.3659,9.6431,-13.1977,20.2128,6.2163,0.9367,9.71,47.74,98.77,52.08
DIA,29.8642,-6.9337,14.1142,-11.9185,8.0687,-20.7084,24.7956,6.8148,0.7784,9.65,48.28,83.03,46.99
FLEX,6.8595,-1.7836,3.9808,-1.3992,2.5634,-2.3416,6.8595,3.8017,0.2437,9.51,95.5,100.0,68.34
XRT,13.4018,-1.8059,9.0026,-5.6402,5.2321,-3.7997,2.6831,1.8361,0.4891,9.35,20.4,20.02,16.59
IWM,20.9198,-5.8264,17.3284,-10.2298,6.8296,-14.82,6.8721,3.043,0.6088,8.91,17.56,32.85,19.77
ALB,40.0595,-29.0314,23.8486,-22.9347,15.4349,-14.7054,-25.4889,-0.1639,1.318,8.54,-0.69,-63.63,-18.59
PCAR,13.5434,-1.5385,9.6146,-3.7046,4.1022,-3.7267,5.3038,-0.5494,0.3441,8.39,-5.71,39.16,13.95
U,13.6768,-20.9117,22.8343,-22.3535,15.3542,-13.7259,-3.8583,2.978,1.2806,8.34,13.04,-28.21,-2.28
IGV,10.0292,-2.7413,5.9581,-5.262,3.7071,-3.633,9.3417,3.6584,0.284,7.66,61.4,93.15,54.07
CLF,17.3079,-9.9054,2.6607,-2.1278,2.791,-2.1177,-2.3108,-0.0025,0.2048,7.34,-0.09,-13.35,-2.04
CCI,14.6174,-13.3835,8.4563,-10.6093,5.4947,-8.2221,-2.2654,2.2456,0.398,7.24,26.56,-15.5,6.1
LIN,41.3634,-2.7566,21.4423,-7.905,13.7771,-13.4849,26.9638,5.5027,0.8959,6.5,25.66,65.19,32.45
BOOT,21.9714,-3.151,15.7218,-12.0703,15.0226,-11.2412,17.9477,10.5692,0.9745,6.49,67.23,81.69,51.8
NRG,27.2942,-3.1642,17.4811,-2.2088,15.7674,-3.7564,27.2942,14.3611,1.0126,6.42,82.15,100.0,62.86
ABT,11.8515,-1.3542,6.2467,-4.1962,4.3409,-3.7133,7.6565,1.7753,0.2756,6.35,28.42,64.6,33.12
QRVO,28.221,-12.765,15.6235,-13.129,7.228,-9.3559,-7.5626,2.8253,0.4559,6.31,18.08,-26.8,-0.8
ETSY,44.6026,-17.4301,29.4461,-29.6464,15.644,-21.4258,-10.2034,2.5851,0.9171,5.86,8.78,-22.88,-2.74
PINS,12.4565,-6.6946,11.524,-8.4486,5.6212,-5.0844,0.4335,1.1778,0.3233,5.75,10.22,3.48,6.48
CRSP,25.3808,-10.8944,28.3902,-14.234,16.0698,-13.3389,-3.4518,4.0739,0.8035,5.0,14.35,-13.6,1.92
TSLA,71.5832,-9.0329,55.1057,-38.6161,40.5386,-35.5832,27.5076,5.3084,1.9704,4.86,9.63,38.43,17.64
MDB,87.7479,-31.6823,56.3934,-47.5049,36.0296,-40.142,-30.354,-4.0796,1.483,4.12,-7.23,-34.59,-12.57
HIMS,11.1834,-1.7834,8.0351,-1.5376,8.8682,-3.122,11.1834,5.1469,0.3576,4.03,64.06,100.0,56.03
COP,16.5138,-5.1718,8.8741,-5.8884,4.9364,-7.0654,-1.8304,-0.8361,0.1965,3.98,-9.42,-11.08,-5.51
GPN,21.744,-14.977,10.9991,-16.0068,6.3215,-17.7734,-10.1535,-4.1013,0.2476,3.92,-37.29,-46.7,-26.69
TOST,5.1249,-9.1562,4.3868,-8.6257,3.5384,-4.7005,5.1249,2.4099,0.1321,3.73,54.94,100.0,52.89
DHR,39.1867,-9.3297,21.1125,-14.4996,9.303,-9.9818,-9.3297,-4.3971,0.3328,3.58,-20.83,-23.81,-13.69
FND,20.4901,-5.9172,9.9561,-11.3565,6.5982,-7.2241,-5.9172,-3.0577,0.2286,3.46,-30.71,-28.88,-18.71
ZIM,4.2909,-1.4447,2.5304,-2.4453,1.768,-1.6517,1.7086,0.5281,0.0566,3.2,20.87,39.82,21.3
MMM,15.0019,-11.2329,11.6864,-7.0916,6.4794,-5.7859,15.0019,4.1535,0.2011,3.1,35.54,100.0,46.21
AMZN,22.313,-12.0249,16.1282,-13.9385,8.3333,-12.4315,19.4962,5.8254,0.1869,2.24,36.12,87.38,41.91
WING,67.8979,-1.9982,41.9215,-33.3748,28.1165,-25.5715,25.7215,11.7843,0.5105,1.82,28.11,37.88,22.6
CVS,9.8867,-5.4493,5.7333,-5.4757,3.651,-4.4114,-1.1116,1.0835,0.0459,1.26,18.9,-11.24,2.97
F,2.2162,-0.8483,1.9824,-1.1701,1.0839,-0.8181,0.0132,0.3763,0.0134,1.24,18.98,0.6,6.94
ZBRA,93.1761,-35.4248,49.8594,-52.0772,27.7159,-31.6201,-1.3958,2.3645,0.3225,1.16,4.74,-1.5,1.47
PFE,4.1864,-3.3415,3.7753,-2.1426,2.4121,-1.5714,-2.0058,0.0232,0.0265,1.1,0.61,-47.91,-15.4
NTAP,14.7056,-3.1183,10.5451,-9.4454,4.6614,-8.1685,5.3687,0.3408,0.0368,0.79,3.23,36.51,13.51
PNC,19.0242,-8.285,13.6516,-10.1589,6.8014,-12.5896,11.4704,4.2394,0.0511,0.75,31.05,60.29,30.7
JCI,11.4062,-4.7055,7.8286,-5.124,4.6777,-3.4574,11.4062,6.9248,0.0317,0.68,88.46,100.0,63.04
APD,26.4888,-3.7115,17.4649,-13.0391,14.1546,-12.5223,7.5773,0.081,0.0839,0.59,0.46,28.61,9.89
JKS,8.7807,-5.4314,10.8456,-4.156,10.6549,-4.8397,-3.2012,0.7794,0.0516,0.48,7.19,-36.46,-9.6
COST,126.059,-2.0249,56.0494,-10.9749,33.9547,-32.1327,107.3759,3.8307,0.1499,0.44,6.83,85.18,30.82
MU,14.4627,-2.9847,13.8253,-7.0952,9.1683,-10.3883,7.8416,6.7396,0.0293,0.32,48.75,54.22,34.43
UPST,55.7849,-25.0147,63.1428,-32.0848,35.0281,-33.7233,5.2644,5.1726,-0.0015,-0.0,8.19,9.44,5.87
KO,4.0111,-0.4235,3.0244,-1.9743,2.1865,-3.8917,3.6496,0.7505,-0.0015,-0.07,24.81,90.99,38.58
M,4.2221,-4.2943,3.1953,-2.5371,2.0124,-2.0521,-1.1268,-0.3591,-0.0053,-0.26,-11.24,-26.69,-12.73
AA,12.4926,-13.7558,10.7883,-5.6287,5.5081,-6.7701,-2.1686,-0.7662,-0.0251,-0.46,-7.1,-17.36,-8.31
SMCI,20.0074,-0.2479,20.4879,-11.3823,13.9405,-8.0846,3.3069,2.6245,-0.0974,-0.7,12.81,16.53,9.55
DE,55.7071,-4.3212,37.4724,-17.3845,16.3646,-15.5254,38.2609,14.8979,-0.2219,-1.36,39.76,68.68,35.69
OXY,10.056,-11.6162,8.3533,-7.5448,5.0297,-7.158,-3.3773,-0.7077,-0.0709,-1.41,-8.47,-33.58,-14.49
FANG,23.6442,-15.1615,14.6889,-12.8522,7.0521,-11.8535,0.2522,-3.5825,-0.1086,-1.54,-24.39,1.07,-8.29
MRNA,83.891,-28.3249,72.6551,-40.4774,52.6756,-33.1766,-27.0944,-3.2812,-1.0792,-2.05,-4.52,-32.3,-12.95
ROKU,84.5546,-48.5497,72.5034,-52.2402,31.5875,-24.6052,-3.0577,3.3914,-0.6862,-2.17,4.68,-3.62,-0.37
TFC,4.0602,-4.2353,3.7006,-4.0523,2.0698,-4.9543,1.6523,0.7639,-0.0458,-2.21,20.64,40.7,19.71
DVN,11.048,-6.3251,6.8969,-3.1611,3.3277,-3.7037,-3.131,-0.463,-0.0744,-2.24,-6.71,-28.34,-12.43
PENN,20.4028,-7.3843,18.0298,-8.9767,7.5884,-6.4664,-3.3469,-0.1197,-0.1782,-2.35,-0.66,-16.4,-6.47
CSIQ,8.2424,-5.7027,7.9774,-4.4131,3.956,-3.8002,-4.6011,0.2338,-0.0965,-2.44,2.93,-55.82,-18.44
BSX,13.8234,-3.9573,6.5123,-2.7422,3.244,-3.8269,13.1538,2.2279,-0.0938,-2.89,34.21,95.16,42.16
ZM,91.457,-46.5416,92.2655,-47.487,48.2417,-21.3868,-5.6442,-1.3405,-1.4747,-3.06,-1.45,-6.17,-3.56
AGI,3.9422,-2.0696,2.4749,-0.5165,1.3622,-0.6401,3.7786,0.788,-0.0441,-3.24,31.84,95.85,41.48
AFL,12.3067,-2.1144,7.5218,-4.213,3.702,-5.3846,8.7688,-0.4924,-0.1252,-3.38,-6.55,71.25,20.44
UBER,10.0293,-4.2838,8.4883,-4.4976,4.489,-4.7771,10.0293,4.359,-0.1609,-3.58,51.35,100.0,49.26
RIVN,0.0,-24.4643,1.1831,-20.4647,11.8241,-12.065,-5.1428,-0.0875,-0.4331,-3.66,-7.4,-inf,-inf
BROS,8.9741,-4.733,9.9416,-4.4945,7.6831,-6.9679,8.6973,1.4415,-0.3001,-3.91,14.5,96.92,35.84
JETS,2.0714,-3.4661,2.0202,-4.6144,1.5936,-4.1793,0.9353,0.3918,-0.0654,-4.1,19.39,45.15,20.15
XLF,4.5296,-3.2582,2.4154,-1.7545,1.087,-2.5766,4.3594,1.0648,-0.0461,-4.24,44.08,96.24,45.36
ROK,36.3579,-6.3494,21.656,-24.4157,16.8498,-16.9179,15.0509,18.7992,-0.7716,-4.58,86.81,41.4,41.21
COF,23.3273,-9.9273,16.3299,-10.1828,9.101,-12.6264,23.3273,9.3391,-0.4201,-4.62,57.19,100.0,50.86
MARA,12.0271,-16.2748,10.4734,-6.7542,7.9307,-5.1558,-0.3099,0.0213,-0.4195,-5.29,0.2,-2.58,-2.55
AMAT,27.9907,-1.6126,17.7785,-12.29,10.5372,-12.9515,6.8896,5.536,-0.5624,-5.34,31.14,24.61,16.81
CRUS,12.7743,-3.0022,13.0349,-5.8183,6.7942,-6.4064,3.2632,0.2542,-0.3853,-5.67,1.95,25.55,7.27
HAL,6.57,-6.0401,4.1186,-3.8118,2.3661,-3.847,-3.0086,-1.0421,-0.151,-6.38,-25.3,-45.79,-25.83
MSTR,85.641,-5.2427,68.5915,-9.1777,56.5645,-24.4948,85.641,23.4625,-3.731,-6.6,34.21,100.0,42.54
WMB,8.0418,-3.1385,4.5601,-1.7681,2.2105,-1.8492,7.6313,1.0406,-0.1461,-6.61,22.82,94.9,37.04
DECK,30.0752,-1.31,15.85,-18.5023,10.3735,-14.9734,1.4482,-11.2892,-0.69,-6.65,-71.23,4.82,-24.35
MRK,10.5337,-5.3989,6.3975,-6.5163,3.7531,-3.9568,-5.3989,-2.7311,-0.2573,-6.86,-42.69,-51.25,-33.6
TEM,5.7672,0.0,5.2244,-2.2218,10.4276,-5.6789,5.7672,2.1816,-0.7195,-6.9,41.76,100.0,44.95
CSTM,4.068,-4.0693,1.7181,-1.9511,0.9609,-2.1661,-1.1546,0.5275,-0.0712,-7.41,30.7,-28.38,-1.7
INTU,93.2416,-1.0716,50.5013,-42.4855,38.0382,-28.9699,57.3477,34.2095,-2.8783,-7.57,67.74,61.5,40.56
DDOG,28.9303,-8.1759,21.3935,-14.4644,11.4714,-11.4621,5.4621,4.7565,-0.8823,-7.69,22.23,18.88,11.14
BBY,10.5627,-4.7201,8.1675,-7.0684,4.817,-6.9281,-1.8843,-2.3231,-0.382,-7.93,-28.44,-17.84,-18.07
EMR,10.4449,-2.0938,7.7638,-4.9396,5.5388,-6.714,10.4449,6.4779,-0.4414,-7.97,83.44,100.0,58.49
AI,0.0678,-28.9911,6.6946,-18.5265,17.4869,-14.7868,-3.3178,-1.2128,-1.4045,-8.03,-18.12,-4893.51,-1639.89
SCCO,13.2909,-1.6827,11.0714,-4.3766,6.6643,-3.8584,5.1852,1.0521,-0.5377,-8.07,9.5,39.01,13.48
ADP,25.3471,-0.8346,14.4286,-7.0567,9.9903,-13.3081,23.3549,2.6718,-0.8579,-8.59,18.52,92.14,34.02
TT,57.3363,-3.3675,26.2039,-11.1909,21.4071,-8.6619,53.8157,19.2768,-1.8992,-8.87,73.56,93.86,52.85
XLRE,3.6664,-0.9011,2.0252,-2.1332,1.1606,-2.7119,1.319,0.1816,-0.1059,-9.12,8.97,35.98,11.94
PLD,17.7625,-5.36,9.9039,-8.2213,6.1939,-10.0075,-1.9383,-0.9332,-0.5737,-9.26,-9.42,-10.91,-9.87
LYFT,0.324,-11.8389,7.8272,-7.5186,4.1081,-6.8083,-1.1911,0.1061,-0.3842,-9.35,1.36,-367.62,-125.21
SBUX,11.1767,-2.4527,6.3371,-7.6946,5.2313,-6.5235,0.3506,-0.2849,-0.5008,-9.57,-4.5,3.14,-3.64
NEE,7.6944,-3.7074,4.5312,-5.0149,3.2048,-4.5761,0.9067,0.5498,-0.317,-9.89,12.13,11.78,4.68
PYPL,45.4374,-30.2144,25.9555,-37.8972,16.3897,-18.2619,-4.8471,-0.9867,-1.6891,-10.31,-3.8,-10.67,-8.26
RCL,50.1741,-14.0006,33.1541,-22.3582,21.7202,-21.789,50.1741,27.4734,-2.2839,-10.52,82.87,100.0,57.45
DD,8.4168,-8.4826,6.1483,-7.981,4.402,-5.1458,0.017,-0.4083,-0.479,-10.88,-6.64,0.2,-5.77
ADSK,37.6871,-11.4102,23.4406,-23.5091,14.5632,-14.827,17.85,3.8845,-1.6207,-11.13,16.57,47.36,17.6
EOG,15.6841,-11.26,10.1202,-8.1013,5.3735,-8.9571,2.5004,-0.5733,-0.6006,-11.18,-5.66,15.94,-0.3
SNOW,19.3226,-32.0119,30.6591,-43.7055,32.6463,-29.3227,7.0341,11.3055,-3.6818,-11.28,36.87,36.4,20.67
SE,70.2433,-31.1133,34.384,-48.3822,17.6414,-28.0184,19.4723,8.5567,-2.0575,-11.66,24.89,27.72,13.65
HLT,29.4608,-1.5543,13.802,-8.3777,8.679,-11.7698,25.5437,7.6206,-1.0135,-11.68,55.21,86.7,43.41
DOCU,50.2325,-34.0475,32.6266,-40.2403,18.8981,-33.4991,0.7017,-2.4596,-2.2221,-11.76,-7.54,1.4,-5.97
FDX,30.3096,-16.5185,32.5993,-17.6533,12.7856,-18.6259,-2.6665,-4.8381,-1.5219,-11.9,-14.84,-8.8,-11.85
AMGN,25.3791,-4.2531,16.095,-11.9273,10.8458,-9.3866,10.8226,1.1569,-1.308,-12.06,7.19,42.64,12.59
USB,3.4566,-3.0441,3.9823,-4.5506,2.1373,-4.3743,1.4868,0.4852,-0.2641,-12.36,12.18,43.01,14.28
XLE,10.1937,-5.9582,6.4948,-5.5564,3.1013,-5.7429,2.342,-0.0762,-0.392,-12.64,-1.17,22.97,3.05
BIRK,4.0726,0.0,3.8933,-1.8997,3.5674,-3.6799,1.6327,-0.7156,-0.472,-13.23,-18.38,40.09,2.83
TWLO,71.2566,-51.8683,45.2671,-47.1915,24.4591,-21.6226,5.1245,2.1483,-3.3094,-13.53,4.75,7.19,-0.53
WFC,8.7446,-5.8985,5.1847,-5.4474,3.5727,-4.4837,8.6286,2.6736,-0.4993,-13.98,51.57,98.67,45.42
IYT,5.485,-1.5289,4.1696,-3.1868,1.8949,-3.9552,1.8642,0.7145,-0.2659,-14.03,17.14,33.99,12.36
DLR,15.5681,-7.6966,11.8554,-9.8185,6.1738,-6.608,12.1924,3.162,-0.867,-14.04,26.67,78.32,30.31
SWKS,21.8465,-11.3305,11.6425,-12.8221,8.1254,-9.2709,-9.2268,-1.0198,-1.1478,-14.13,-8.76,-42.23,-21.71
A,21.1612,-3.8433,12.464,-8.6653,6.2816,-6.6833,-3.8433,-2.4395,-0.8934,-14.22,-19.57,-18.16,-17.32
ELF,38.8671,-4.4081,23.9863,-21.0742,13.92,-14.8418,-0.2589,5.2196,-2.0339,-14.61,21.76,-0.67,2.16
KRE,6.0518,-4.0215,6.067,-5.4647,2.6449,-5.1604,2.5375,0.9028,-0.3978,-15.04,14.88,41.93,13.92
CRWV,21.471,0.0,32.0309,0.0,24.8085,-9.5889,21.471,21.6544,-3.7959,-15.3,67.6,100.0,50.77
DIS,16.9195,-13.7956,15.3402,-14.4494,9.2714,-11.8643,2.451,3.8588,-1.4376,-15.51,25.15,14.49,8.05
SPOT,127.0054,-37.7292,66.1629,-31.6684,43.5869,-18.6741,126.9391,42.1128,-6.9859,-16.03,63.65,99.95,49.19
BAC,4.5907,-6.8177,3.1949,-2.6433,1.4114,-2.9197,3.4762,1.2925,-0.2294,-16.25,40.46,75.72,33.31
XLB,7.5694,-2.374,4.5516,-3.0565,2.294,-4.2362,2.0245,0.8053,-0.3984,-17.37,17.69,26.75,9.02
MOS,21.4973,-4.7339,8.7293,-3.6167,5.0109,-3.3348,-0.3671,1.8092,-0.9218,-18.4,20.73,-1.71,0.21
SLB,8.9701,-8.2663,4.1418,-5.7375,3.3059,-4.719,-2.8628,-1.4672,-0.6154,-18.62,-35.42,-31.91,-28.65
ARM,23.758,-0.3374,21.1938,-9.6969,16.5009,-12.7821,16.0019,4.3754,-3.1405,-19.03,20.64,67.35,22.99
GTLB,0.0456,-16.9694,7.2664,-16.4144,5.6459,-9.7313,-3.7958,-3.3583,-1.0774,-19.08,-46.22,-8324.12,-2796.47
PZZA,14.9981,-8.9716,8.6588,-8.2484,5.0524,-5.5367,-6.7416,0.6008,-0.9872,-19.54,6.94,-44.95,-19.18
MGM,12.8415,-13.568,4.1703,-4.6032,1.9679,-5.5696,-1.6589,0.49,-0.3848,-19.55,11.75,-12.92,-6.91
QCOM,20.1901,-3.29,18.5631,-7.7617,12.0259,-11.1912,3.609,-1.0204,-2.5035,-20.82,-5.5,17.88,-2.81
MELI,315.043,-79.429,225.1407,-151.7802,131.5258,-126.7622,273.4777,80.537,-27.8667,-21.19,35.77,86.81,33.8
CTVA,7.2205,-0.1498,4.1288,-2.6393,2.179,-1.7958,5.1012,3.1277,-0.4646,-21.32,75.75,70.65,41.69
PRU,9.8101,-8.0267,7.1416,-7.7655,2.9922,-9.3265,3.1164,-1.4956,-0.6482,-21.66,-20.94,31.77,-3.61
YUM,9.9129,-0.1547,6.3693,-8.3621,6.4246,-9.7153,6.1425,0.6419,-1.3974,-21.75,10.08,61.96,16.76
PSX,16.814,-7.5782,12.1319,-10.5095,5.8731,-9.3624,2.9517,0.9948,-1.2957,-22.06,8.2,17.56,1.23
H,15.9969,-4.4529,11.5929,-10.9537,7.4863,-11.064,4.9376,0.8708,-1.6606,-22.18,7.51,30.87,5.4
INTC,4.7203,-5.842,3.8057,-4.5488,2.6286,-3.7141,-4.106,-0.3679,-0.5881,-22.37,-9.67,-86.99,-39.68
DXCM,21.7767,-9.0473,13.7639,-14.3527,8.6065,-12.1858,-7.0043,0.3146,-1.9384,-22.52,2.29,-32.16,-17.47
PSA,36.6755,-1.7519,20.9315,-8.6909,12.0269,-18.0234,5.3309,-4.3527,-2.7325,-22.72,-20.79,14.54,-9.66
HBAN,1.3298,-2.2093,1.2153,-1.2325,0.6869,-1.2009,1.1245,0.3477,-0.1561,-22.73,28.61,84.56,30.15
BKNG,696.8149,-55.6324,403.6465,-163.1012,217.6842,-175.6682,680.6479,200.6703,-49.9864,-22.96,49.71,97.68,41.48
NFLX,196.6849,-62.9064,108.2177,-90.8174,54.6528,-59.2338,196.6849,71.7065,-12.5614,-22.98,66.26,100.0,47.76
VLO,16.6128,-6.7889,13.6894,-8.8548,8.4442,-9.1886,3.3988,2.6945,-1.9481,-23.07,19.68,20.46,5.69
CPRT,6.0282,-0.0483,3.2465,-2.8449,2.5485,-2.7527,1.8909,-2.8167,-0.5882,-23.08,-86.76,31.37,-26.16
CZR,17.4559,-7.2892,10.9257,-12.1892,5.6083,-13.3401,-6.289,-1.6193,-1.3087,-23.34,-14.82,-36.03,-24.73
BMY,4.8386,-4.5204,3.6493,-3.4434,2.0936,-3.2788,-1.515,-1.698,-0.5018,-23.97,-46.53,-31.31,-33.94
MPC,25.2618,-5.6707,16.616,-7.7944,10.2939,-8.1791,8.642,4.962,-2.4998,-24.28,29.86,34.21,13.26
UNP,21.4983,-1.5233,10.3003,-8.266,7.8108,-13.3467,2.9141,-1.9078,-1.9444,-24.89,-18.52,13.56,-9.95
ALSN,17.2725,-1.3575,10.6736,-3.3651,5.9515,-4.0013,9.8639,-3.1334,-1.5051,-25.29,-29.36,57.11,0.82
ZS,61.1206,-18.5748,35.9875,-30.7074,19.772,-23.6812,26.1798,19.7251,-5.0286,-25.43,54.81,42.83,24.07
XOM,14.4324,-7.1713,7.3393,-6.324,3.9623,-5.4042,3.418,-0.0871,-1.0586,-26.72,-1.19,23.68,-1.41
DPZ,57.1074,-20.1427,33.9145,-33.5472,19.9816,-24.5585,17.787,0.1613,-5.4859,-27.45,0.48,31.15,1.39
ABNB,8.6674,-15.7371,16.4966,-17.8684,13.1151,-12.9514,-2.5993,-0.8911,-3.6151,-27.56,-5.4,-29.99,-20.99
JBHT,21.294,-8.9446,10.442,-11.048,7.0797,-9.0352,-8.9446,-3.6715,-1.9911,-28.12,-35.16,-42.01,-35.1
OKE,11.5653,-5.2181,8.1495,-8.3248,5.2024,-9.9612,5.0725,-3.575,-1.463,-28.12,-43.87,43.86,-9.38
FCX,7.0524,-5.5958,4.7258,-3.3827,2.5508,-3.0079,0.4246,1.0148,-0.7237,-28.37,21.47,6.02,-0.29
ASML,137.3606,-2.1281,83.1078,-60.6991,51.364,-46.2027,3.6394,0.3781,-14.7102,-28.64,0.45,2.65,-8.51
GT,4.764,-4.0807,2.225,-2.2855,1.6834,-1.9293,-0.8193,-0.0959,-0.489,-29.05,-4.31,-17.2,-16.85
CWH,5.1516,-3.4663,4.6963,-3.5126,2.6645,-2.0527,-2.0769,-0.7175,-0.7825,-29.37,-15.28,-40.32,-28.32
AER,12.3875,-6.3481,6.6426,-9.2886,4.2912,-10.8207,11.7389,3.2171,-1.2609,-29.38,48.43,94.76,37.94
SYK,31.8782,-4.7633,19.6386,-15.1901,10.8831,-18.2343,27.4314,3.9492,-3.2306,-29.68,20.11,86.05,25.49
SAP,41.284,-9.1973,18.0228,-9.0476,9.1772,-12.1873,39.468,8.3518,-2.7929,-30.43,46.34,95.6,37.17
COIN,42.4206,-63.5864,41.0085,-46.7274,34.1369,-25.6705,42.4206,30.927,-10.4747,-30.68,75.42,100.0,48.24
UHAL,9.1744,-1.2569,6.2831,-4.2478,4.3122,-3.0563,-0.0201,-2.2748,-1.3353,-30.97,-36.21,-0.22,-22.46
PM,22.5126,-2.6045,14.0617,-4.7256,7.5047,-4.7026,22.4666,7.239,-2.3442,-31.24,51.48,99.8,40.01
MET,6.8371,-4.2965,4.8429,-3.8096,2.308,-5.1914,4.1969,-0.5869,-0.7299,-31.62,-12.12,61.38,5.88
CRM,29.647,-16.7067,23.3438,-21.4464,21.6623,-13.8368,8.5644,-11.4197,-6.9342,-32.01,-48.92,28.89,-17.35
MAR,28.4893,-6.7925,14.8666,-15.0761,10.0937,-16.8542,18.8358,2.0321,-3.3524,-33.21,13.67,66.12,15.52
PGR,37.6205,-1.1772,15.9226,-3.7702,9.4609,-7.0513,29.4447,-3.7702,-3.163,-33.43,-23.68,78.27,7.05
PG,10.9272,-1.6378,5.7916,-4.9518,3.857,-4.4801,4.0142,-2.7041,-1.2936,-33.54,-46.69,36.74,-14.5
ZTS,26.3446,-4.5356,12.9178,-10.4733,6.5485,-9.772,-4.5356,-4.2184,-2.2277,-34.02,-32.66,-17.22,-27.96
WDAY,27.5905,-15.1256,21.4127,-27.5242,13.8299,-16.173,1.567,-6.8853,-4.7533,-34.37,-32.16,5.68,-20.28
AXP,37.712,-7.4715,18.3395,-9.2269,10.1117,-12.8305,31.6034,6.5914,-3.4936,-34.55,35.94,83.8,28.4
ADI,18.9299,-2.4325,12.4267,-8.6552,9.2519,-11.3658,11.6044,5.3873,-3.2418,-35.04,43.35,61.3,23.21
EFX,37.1252,-2.6579,19.0493,-16.0946,14.3539,-15.0191,7.4878,-2.4078,-5.0516,-35.19,-12.64,20.17,-9.22
PPG,14.7912,-5.6087,11.5786,-8.3534,6.4692,-9.779,-5.6087,-1.1935,-2.2847,-35.32,-10.31,-37.92,-27.85
CF,15.5937,-4.8111,11.9051,-6.5669,6.6005,-4.7302,3.5403,1.6011,-2.362,-35.79,13.45,22.7,0.12
EXR,24.7033,-6.1392,13.4687,-9.2958,9.0543,-7.3077,0.5243,-2.0817,-3.2774,-36.2,-15.46,2.12,-16.51
ADBE,84.1746,-34.3515,45.1915,-45.9864,30.8101,-32.6176,-31.9585,-22.5886,-11.2123,-36.39,-49.98,-37.97,-41.45
CE,15.1475,-20.99,10.9184,-19.0373,7.0345,-15.3916,-20.99,-4.7134,-2.5655,-36.47,-43.17,-138.57,-72.74
KMX,14.2746,-10.8896,9.9157,-10.7746,7.2582,-12.3644,-4.9673,-4.6359,-2.6983,-37.18,-46.75,-34.8,-39.58
TTWO,22.65,-12.2219,14.8705,-13.6485,8.6046,-10.0961,22.4646,6.9107,-3.2578,-37.86,46.47,99.18,35.93
SEZL,30.7817,-0.0839,31.4294,-0.1497,19.2837,-7.3218,29.0245,18.4441,-7.3218,-37.97,58.68,94.29,38.34
UPS,21.2934,-14.4819,14.7487,-8.3698,10.2819,-7.7549,-14.4819,-5.7852,-3.9875,-38.78,-39.23,-68.01,-48.67
ARMK,3.292,-2.0652,2.0494,-3.6236,1.6322,-4.3967,3.1004,1.3634,-0.6381,-39.09,66.53,94.18,40.54
NXPI,26.7335,-3.7731,16.2137,-13.8799,9.5039,-12.8796,1.3173,1.727,-3.7562,-39.52,10.65,4.93,-7.98
XLV,10.6604,-1.522,4.9153,-3.1669,2.6047,-5.097,0.995,-2.4442,-1.0405,-39.95,-49.73,9.33,-26.78
MCHP,8.6492,-5.8192,5.8678,-7.5741,4.3953,-5.2024,-4.0556,2.3503,-1.7982,-40.91,40.05,-46.89,-15.92
ROP,37.2357,-2.3961,22.3887,-17.7491,16.4132,-24.4191,19.795,-4.5622,-6.7336,-41.03,-20.38,53.16,-2.75
CB,25.326,-2.8532,11.9891,-11.8676,7.2264,-13.8083,17.7698,-2.1659,-2.9688,-41.08,-18.07,70.16,3.67
DRI,19.2742,-3.9021,11.1046,-13.3227,5.5873,-16.4472,18.3305,5.0784,-2.3065,-41.28,45.73,95.1,33.19
ON,13.7012,-6.7349,7.32,-8.3895,5.0812,-7.0251,-6.2052,0.2238,-2.1046,-41.42,3.06,-45.29,-27.88
LMT,37.5521,-2.5797,38.0197,-20.3506,21.0943,-27.1486,4.528,-11.6356,-8.8057,-41.74,-30.6,12.06,-20.1
HUN,3.5175,-3.5741,2.3159,-2.4091,1.2577,-1.6713,-3.5741,-1.6843,-0.5318,-42.28,-72.73,-101.61,-72.21
ENTG,22.6229,-7.9765,10.5571,-9.9727,7.6015,-8.8144,-7.9765,-4.1981,-3.2411,-42.64,-39.77,-35.26,-39.22
RSG,27.0705,-1.1447,11.5977,-2.7168,5.7678,-6.0614,24.6095,3.1822,-2.467,-42.77,27.44,90.91,25.19
STLD,17.0077,-2.0023,11.174,-3.1956,5.5925,-6.3422,6.3738,0.0347,-2.4405,-43.64,0.31,37.48,-1.95
ONB,2.0137,-0.8548,1.3659,-1.1721,0.8747,-0.9848,1.4975,0.106,-0.3818,-43.65,7.76,74.37,12.83
AMT,23.8671,-13.0553,12.9232,-13.3985,8.1157,-14.8162,4.2628,2.6892,-3.5677,-43.96,20.81,17.86,-1.76
HON,20.2074,-3.1401,14.2688,-9.4002,8.7336,-13.934,8.5238,2.9209,-3.8755,-44.37,20.47,42.18,6.09
WHR,19.78,-12.1648,14.2483,-10.3555,8.3147,-13.3555,-8.4372,-1.3617,-3.8769,-46.63,-9.56,-42.66,-32.95
V,33.2241,-0.5348,18.6973,-6.695,9.4589,-13.3924,30.3869,4.0744,-4.6213,-48.86,21.79,91.46,21.47
LUV,7.123,-4.4486,5.1774,-6.7501,2.7074,-4.9054,-0.3288,0.2727,-1.3232,-48.87,5.27,-4.62,-16.07
ONON,7.5032,-3.4482,4.805,-3.8628,3.8905,-3.2219,5.0644,-0.5691,-1.9595,-50.37,-11.84,67.5,1.76
CMCSA,4.8185,-2.877,2.3956,-3.3659,1.5872,-2.1425,-1.61,-0.949,-0.8584,-54.08,-39.61,-33.41,-42.37
LULU,57.6926,-32.4173,35.4523,-42.1391,25.1765,-29.0395,-32.4173,-33.0442,-13.9911,-55.57,-93.21,-56.19,-68.32
INFY,3.1745,-0.3841,1.5294,-1.2005,1.0781,-0.9451,-0.0259,-0.7551,-0.6162,-57.16,-49.37,-0.82,-35.78
CNX,12.275,-6.3258,3.9934,-1.4081,1.9171,-2.0835,2.8511,-0.2844,-1.0972,-57.23,-7.12,23.23,-13.71
CRWD,65.9012,-13.6864,40.0228,-21.4749,22.323,-38.2154,63.4592,19.5416,-12.8849,-57.72,48.83,96.29,29.13
NOW,126.8382,-14.047,83.5842,-45.7072,50.7122,-53.923,88.034,-7.3398,-29.3801,-57.93,-8.78,69.41,0.9
CROX,32.7909,-7.582,17.932,-17.5956,9.454,-11.9264,-4.181,-5.128,-5.5426,-58.63,-28.6,-12.75,-33.32
TECK,5.7567,-5.8056,4.1011,-2.9535,2.4753,-3.322,-0.9159,-1.8003,-1.5258,-61.64,-43.9,-15.91,-40.48
CL,7.5128,-1.0093,5.2341,-2.3925,2.1336,-2.6258,2.4916,-1.5401,-1.3359,-62.61,-29.42,33.16,-19.62
UNH,56.3879,-47.5579,24.6854,-61.114,22.7485,-49.9283,-47.5579,-60.4641,-14.8665,-65.35,-244.94,-84.34,-131.54
TXN,20.1344,-2.6047,10.0384,-9.2063,7.8845,-9.3286,5.7635,3.1368,-5.218,-66.18,31.25,28.63,-2.1
TDG,184.9228,-0.1684,87.9505,-49.3219,38.315,-73.3351,172.3142,43.7942,-26.0326,-67.94,49.79,93.18,25.01
WAB,25.8803,-5.6427,12.5502,-6.9564,7.0801,-8.311,21.0022,2.6168,-4.8874,-69.03,20.85,81.15,10.99
CARR,8.4156,0.0,5.5878,-3.1148,3.4494,-2.3956,4.5635,0.6542,-2.3956,-69.45,11.71,54.23,-1.17
GWW,137.8537,-9.9008,69.9008,-21.5335,39.7508,-29.0721,79.2021,-17.0297,-27.719,-69.73,-24.36,57.45,-12.21
MMC,17.5227,-2.4556,8.7655,-5.1218,4.5037,-8.0171,10.0222,-5.1218,-3.2702,-72.61,-58.43,57.2,-24.62
ISRG,71.2801,-5.9125,32.3923,-28.154,18.0691,-25.9107,48.8906,-9.9505,-13.5645,-75.07,-30.72,68.59,-12.4
IR,12.0274,-0.0975,7.1005,-5.5249,3.0802,-4.1509,3.1838,-1.6489,-2.3629,-76.71,-23.22,26.47,-24.49
SHAK,14.831,-8.1346,15.1649,-8.8967,8.7689,-8.8526,10.9483,3.0328,-6.7923,-77.46,20.0,73.82,5.45
LLY,150.2028,-2.8697,68.9348,-28.9558,38.3949,-37.7124,59.2928,-28.9558,-30.0162,-78.18,-42.0,39.48,-26.9
LYB,9.4936,-7.2288,6.4306,-6.857,3.9212,-7.5734,-7.2288,-4.1767,-3.2444,-82.74,-64.95,-76.14,-74.61
DOW,4.468,-6.128,3.5945,-4.1017,2.1867,-4.4331,-6.128,-3.5952,-1.9334,-88.42,-100.02,-137.15,-108.53
CI,30.4688,-6.5204,18.7886,-14.505,11.5499,-15.6854,3.9238,-8.8373,-10.2262,-88.54,-47.04,12.88,-40.9
ELV,53.9255,-32.3863,25.517,-38.1488,18.1362,-28.5495,-32.3863,-33.6927,-16.0988,-88.77,-132.04,-60.06,-93.62
IBM,33.991,-6.4746,15.5205,-5.3692,9.4886,-9.5972,30.5387,5.2277,-9.5972,-101.14,33.68,89.84,7.46
OTIS,8.5733,0.0,5.6419,-2.611,2.8914,-3.371,2.5336,-2.1032,-2.9593,-102.35,-37.28,29.55,-36.69
PANW,23.4829,-0.532,16.6834,-4.043,7.5846,-7.8195,16.7502,-0.9005,-7.8195,-103.1,-5.4,71.33,-12.39
ACN,45.4007,-5.5537,23.5661,-19.6439,12.6769,-15.3007,-5.5537,-19.6439,-13.9272,-109.86,-83.36,-12.23,-68.48
BRO,13.6342,-0.8869,5.9091,-3.4822,3.4135,-4.3378,8.624,-3.4822,-3.8304,-112.21,-58.93,63.25,-35.96
VRTX,52.7395,-4.9801,24.5736,-13.4925,17.2224,-20.963,22.3887,-13.4925,-20.963,-121.72,-54.91,42.45,-44.72
FI,27.914,-1.3043,16.7041,-15.8322,6.8354,-10.4316,8.2987,-15.8322,-8.9464,-130.88,-94.78,29.73,-65.31
FTNT,12.5315,-0.0638,8.6075,-3.3679,4.4648,-6.0851,9.3865,-2.1305,-6.0851,-136.29,-24.75,74.9,-28.71
VRSK,25.1625,-0.0398,12.2994,-8.9523,7.6128,-10.6914,19.5134,-2.5464,-10.5586,-138.7,-20.7,77.55,-27.28
LKQ,6.306,-3.2229,3.754,-2.8524,1.5767,-3.924,-3.2229,-2.2601,-2.2619,-143.46,-60.21,-51.11,-84.92
CMG,7.9685,-1.1176,5.3278,-2.6662,2.1069,-3.0873,1.2971,-2.468,-3.0683,-145.63,-46.32,16.28,-58.56
IT,53.9265,-5.0591,32.5857,-48.7654,20.5765,-40.0761,-5.0591,-48.7654,-40.0761,-194.77,-149.65,-9.38,-117.93
